,,,,,,,,,,,,,,,,,,,
Archivio dei numeri dell’Almanacco dell'Associazione Stampa sarda,,,,,,,,,,,,,,,,,,,
Una riga per ogni numero. 40 numeri in archivio; compilare le celle gialle prima dell’importazione in WordPress.,,,,,,,,,,,,,,,,,,,
ID numero,Titolo,Anno,Volume numero,Luogo,Editore,Ultima pagina indicizzata,Slug,url_zenodo,url_github,URL immagine copertina,Testo alternativo copertina,Stato WordPress,ID WordPress,URL pagina WordPress,In evidenza,Ordinamento,Stato dati,File sorgente,Note
ADS-1966-04,Almanacco dell'Associazione Stampa sarda 1966,1966,4,Cagliari,Associazione stampa sarda,249,almanacco-stampa-sarda-1966,https://zenodo.org/records/22810570,https://giampsalice.github.io/ALMANACCO_SARDEGNA/pdf/Almanacco_Sardegna_1966_.pdf,https://zenodo.org/records/22810570/files/1966-709x1024.jpg?download=1,Copertina dell’Almanacco dell'Associazione Stampa sarda 1966,Bozza,,,Sì,1966,Pronto per WordPress,1966-Almanacco-della-Sardegna.docx,Dati estratti dal DOCX fornito; URL di download e copertina da compilare.
ADS-1968-6,Almanacco dell'Associazione Stampa sarda 1968,1968,6,Cagliari,Associazione Stampa Sarda,170,almanacco-stampa-sarda1968,https://zenodo.org/records/22810725,https://giampsalice.github.io/ALMANACCO_SARDEGNA/pdf/Almanacco_Sardegna_1968_.pdf,https://zenodo.org/records/22810725/files/1968-756x1024.jpg?download=1,Copertina dell’Almanacco dell'Associazione Stampa sarda 1968,Bozza,,,Sì,1968,Pronto per WordPress,1968-Almanacco-della-Sardegna(1).docx,"Dati estratti dal DOCX fornito. Riferimento editoriale: Cagliari. Associazione Stampa Sarda, 1968"
ADS-1969-7,Almanacco dell'Associazione Stampa sarda 1969 Vent’anni di autonomia,1969,7,Cagliari,Associazione Stampa Sarda,222,almanacco-stampa-sarda1969,https://zenodo.org/records/22810896,https://giampsalice.github.io/ALMANACCO_SARDEGNA/pdf/Almanacco_Sardegna_1969_.pdf,https://zenodo.org/records/22810896/files/1969-758x1024.jpg?download=1,Copertina dell’Almanacco dell'Associazione Stampa sarda 1969,Bozza,,,Sì,1969,Pronto per WordPress,1969-Almanacco-della-Sardegna(1).docx,"Dati estratti dal DOCX fornito. Riferimento editoriale: Cagliari. Associazione Stampa Sarda, 1969. A CURA DI Lucio Artizzu e Giovanni Sanjust"
ADS-1970-8,Almanacco dell'Associazione Stampa sarda 1970,1970,8,Cagliari,Associazione Stampa Sarda,325,almanacco-stampa-sarda1970,https://zenodo.org/records/22812221,https://giampsalice.github.io/ALMANACCO_SARDEGNA/pdf/Almanacco_Sardegna_1970_.pdf,https://zenodo.org/records/22812221/files/1970-1-768x1000.jpg?download=1,Copertina dell’Almanacco dell'Associazione Stampa sarda 1970,Bozza,,,Sì,1970,Pronto per WordPress,1970-Almanacco-della-Sardegna(1).docx,"Dati estratti dal DOCX fornito. Riferimento editoriale: Cagliari. Associazione Stampa Sarda, 1970. A CURA DI Franco Fiori 1970-almanacco-stampa-sarda1(1).docx duplicato identico di 1970-Almanacco-della-Sardegna(1).docx; non inserito separatamente."
ADS-1971-9,Almanacco dell'Associazione Stampa sarda 1971,1971,9,Cagliari,Associazione Stampa Sarda,385,almanacco-stampa-sarda1971,https://zenodo.org/records/22812636,https://giampsalice.github.io/ALMANACCO_SARDEGNA/pdf/Almanacco_Sardegna_1971_.pdf,https://zenodo.org/records/22812636/files/1971-768x1024.jpg?download=1,Copertina dell’Almanacco dell'Associazione Stampa sarda 1971,Bozza,,,Sì,1971,Pronto per WordPress,1971-Almanacco-della-Sardegna(1).docx,"Dati estratti dal DOCX fornito. Riferimento editoriale: Cagliari. Associazione Stampa Sarda, 1971. A CURA DI Franco Fiori"
ADS-1972-10,Almanacco dell'Associazione Stampa sarda 1972,1972,10,Cagliari,Associazione Stampa Sarda,404,almanacco-stampa-sarda1972,https://zenodo.org/records/22812561,https://giampsalice.github.io/ALMANACCO_SARDEGNA/pdf/Almanacco_Sardegna_1972_.pdf,https://zenodo.org/records/22812561/files/1972-765x1024.jpg?download=1,Copertina dell’Almanacco dell'Associazione Stampa sarda 1972,Bozza,,,Sì,1972,Pronto per WordPress,1972-Almanacco-della-Sardegna(1).docx,"Dati estratti dal DOCX fornito. Riferimento editoriale: Cagliari. Associazione Stampa Sarda, 1972. A CURA DI Aldo Brigaglia"
ADS-1973-11,Almanacco dell'Associazione Stampa sarda 1973,1973,11,Cagliari,Associazione Stampa Sarda,270,almanacco-stampa-sarda1973,https://zenodo.org/records/22812762,https://giampsalice.github.io/ALMANACCO_SARDEGNA/pdf/Almanacco_Sardegna_1973_.pdf,https://zenodo.org/records/22812762/files/1973-768x1024.jpg?download=1,Copertina dell’Almanacco dell'Associazione Stampa sarda 1973,Bozza,,,Sì,1973,Pronto per WordPress,1973-Almanacco-della-Sardegna(1).docx,"Dati estratti dal DOCX fornito. Riferimento editoriale: Cagliari. Associazione Stampa Sarda, 1973. A CURA DI Aldo Brigaglia"
ADS-1974-12,Almanacco dell'Associazione Stampa sarda 1974,1974,12,Cagliari,Associazione Stampa Sarda,319,almanacco-stampa-sarda1974,https://zenodo.org/records/22812881,https://giampsalice.github.io/ALMANACCO_SARDEGNA/pdf/Almanacco_Sardegna_1974_.pdf,https://zenodo.org/records/22812881/files/1974-768x1024.jpg?download=1,Copertina dell’Almanacco dell'Associazione Stampa sarda 1974,Bozza,,,Sì,1974,Pronto per WordPress,1974-Almanacco-della-Sardegna(1).docx,"Dati estratti dal DOCX fornito. Riferimento editoriale: Cagliari. Associazione Stampa Sarda (direttore: Sergio Calvi), 1974. A CURA DI Franco Fiori e Aldo Brigaglia"
ADS-1975-13,Almanacco dell'Associazione Stampa sarda 1975,1975,13,Cagliari,Associazione Stampa Sarda,418,almanacco-stampa-sarda1975,https://zenodo.org/records/22813104,https://giampsalice.github.io/ALMANACCO_SARDEGNA/pdf/Almanacco_Sardegna_1975_.pdf,https://zenodo.org/records/22813104/files/1975-768x1006.jpg?download=1,Copertina dell’Almanacco dell'Associazione Stampa sarda 1975,Bozza,,,Sì,1975,Pronto per WordPress,1975-Almanacco-della-Sardegna(1).docx,"Dati estratti dal DOCX fornito. Riferimento editoriale: Cagliari. Associazione Stampa Sarda, 1975. A CURA DI Franco Fiori"
ADS-1976-14,Almanacco dell'Associazione Stampa sarda. I giornali sardi 1900/1940,1976,14,Cagliari,Associazione Stampa Sarda,302,almanacco-stampa-sarda1976,https://zenodo.org/records/22813240,https://giampsalice.github.io/ALMANACCO_SARDEGNA/pdf/Almanacco_Sardegna_1976_.pdf,https://zenodo.org/records/22813240/files/1976-753x1024.jpg?download=1,Copertina dell’Almanacco dell'Associazione Stampa sarda 1976,Bozza,,,Sì,1976,Pronto per WordPress,1976-Almanacco-della-Sardegna(1).docx,"Dati estratti dal DOCX fornito. Riferimento editoriale: Cagliari. Associazione Stampa Sarda, 1976. A CURA DI Aldo Brigaglia e Gianfranco Leccis"
ADS-1977-78-15,"Almanacco dell'Associazione Stampa sarda. 1977/78 Un giornale, una storia ",1977,15,Cagliari,Associazione Stampa Sarda,319,almanacco-stampa-sarda1977-78,https://zenodo.org/records/22813305,https://giampsalice.github.io/ALMANACCO_SARDEGNA/pdf/Almanacco_Sardegna_1977-78_.pdf,https://zenodo.org/records/22813305/files/1977_78-768x1025.jpg?download=1,Copertina dell’Almanacco dell'Associazione Stampa sarda 1977/78,Bozza,,,Sì,1977,Pronto per WordPress,1977.78-Almanacco-della-Sardegna(1).docx,"Edizione 1977/78. Dati estratti dal DOCX fornito. Riferimento editoriale: Cagliari. Associazione Stampa Sarda, 1977/78. A CURA DI Aldo Brigaglia e Gianfranco Leccis"
ADS-1979-16,Almanacco dell'Associazione Stampa sarda 1979 L’informazione e la regione,1979,16,Sassari,Associazione Stampa Sarda,460,almanacco-stampa-sarda1979,https://zenodo.org/records/22813391,https://giampsalice.github.io/ALMANACCO_SARDEGNA/pdf/Almanacco_Sardegna_1979_.pdf,https://zenodo.org/records/22813391/files/1979-748x1024.jpg?download=1,Copertina dell’Almanacco dell'Associazione Stampa sarda 1979,Bozza,,,Sì,1979,Pronto per WordPress,1979-Almanacco-della-Sardegna(1).docx,"Dati estratti dal DOCX fornito. Riferimento editoriale: Sassari. Associazione Stampa Sarda, 1979 (novembre). A CURA DI Aldo Brigaglia e Roberto Puddu"
ADS-1980-17,Almanacco dell'Associazione Stampa sarda 1980 Giornalismo e tecnologie,1980,17,Cagliari,Associazione Stampa Sarda,307,almanacco-stampa-sarda1980,https://zenodo.org/records/22815630,https://giampsalice.github.io/ALMANACCO_SARDEGNA/pdf/Almanacco_Sardegna_1980_.pdf,https://zenodo.org/records/22815630/files/1980-385x565.jpg?download=1,Copertina dell’Almanacco dell'Associazione Stampa sarda 1980,Bozza,,,Sì,1980,Pronto per WordPress,1980-Almanacco-della-Sardegna(1).docx,"Dati estratti dal DOCX fornito. Riferimento editoriale: Cagliari. Associazione Stampa Sarda, 1980. A CURA DI Franco Fiori"
ADS-1981-18,Almanacco dell'Associazione Stampa sarda 1981 La riforma dell’editoria,1981,18,Cagliari,Associazione Stampa Sarda,307,almanacco-stampa-sarda1981,https://zenodo.org/records/22815819,https://giampsalice.github.io/ALMANACCO_SARDEGNA/pdf/Almanacco_Sardegna_1981_.pdf,https://zenodo.org/records/22815819/files/1981-750x1024.jpg?download=1,Copertina dell’Almanacco dell'Associazione Stampa sarda 1981,Bozza,,,Sì,1981,Pronto per WordPress,1981-Almanacco-della-Sardegna(1).docx,"Dati estratti dal DOCX fornito. Riferimento editoriale: Cagliari. Associazione Stampa Sarda, 1981."
ADS-1982-19,Almanacco dell'Associazione Stampa sarda 1982 Contratto dei giornalisti,1982,19,Cagliari,Associazione Stampa Sarda,145,almanacco-stampa-sarda1982,https://zenodo.org/records/22819082,https://giampsalice.github.io/ALMANACCO_SARDEGNA/pdf/Almanacco_Sardegna_1982_.pdf,https://zenodo.org/records/22819082/files/1982-768x1024.jpg?download=1,Copertina dell’Almanacco dell'Associazione Stampa sarda 1982,Bozza,,,Sì,1982,Pronto per WordPress,1982-Almanacco-della-Sardegna(1).docx,"Dati estratti dal DOCX fornito. Riferimento editoriale: Cagliari. Associazione Stampa Sarda, 1982. A CURA DI Antonello De Candia in collaborazione con Umberto Aime"
ADS-1983-20,Almanacco dell'Associazione Stampa sarda. 1983 Il nuovo piano di sviluppo,1983,20,Cagliari,Associazione Stampa Sarda,183,almanacco-stampa-sarda1983,https://zenodo.org/records/22818874,https://giampsalice.github.io/ALMANACCO_SARDEGNA/pdf/Almanacco_Sardegna_1983_.pdf,https://zenodo.org/records/22818874/files/1983-768x1024.jpg?download=1,Copertina dell’Almanacco dell'Associazione Stampa sarda 1983,Bozza,,,Sì,1983,Pronto per WordPress,1983-Almanacco-della-Sardegna(1).docx,"Dati estratti dal DOCX fornito. Riferimento editoriale: Cagliari. Associazione Stampa Sarda, finito di stampare nel 1984. A CURA DI Antonello De Candia, in collaborazione con Umberto Aime"
ADS-1984-21,Almanacco dell'Associazione Stampa sarda 1984. Elezioni regionali,1984,21,Cagliari,Associazione Stampa Sarda,228,almanacco-stampa-sarda1984,https://zenodo.org/records/22819158,https://giampsalice.github.io/ALMANACCO_SARDEGNA/pdf/Almanacco_Sardegna_1984_.pdf,https://zenodo.org/records/22819158/files/1984-737x1024.jpg?download=1,Copertina dell’Almanacco dell'Associazione Stampa sarda 1984,Bozza,,,Sì,1984,Pronto per WordPress,1984-Almanacco-della-Sardegna(1).docx,"Dati estratti dal DOCX fornito. Riferimento editoriale: Cagliari. Associazione Stampa Sarda, 1985. A CURA DI Roberto Puddu"
ADS-1985-22,Almanacco dell'Associazione Stampa sarda 1985,1985,22,Cagliari,Associazione Stampa Sarda,176,almanacco-stampa-sarda1985,https://zenodo.org/records/22819202,https://giampsalice.github.io/ALMANACCO_SARDEGNA/pdf/Almanacco_Sardegna_1985_.pdf,https://zenodo.org/records/22819202/files/1985-768x1024.jpg?download=1,Copertina dell’Almanacco dell'Associazione Stampa sarda 1985,Bozza,,,Sì,1985,Pronto per WordPress,1985-Almanacco-della-Sardegna(1).docx,"Dati estratti dal DOCX fornito. Riferimento editoriale: Cagliari. Associazione Stampa Sarda, 1985. A CURA DI Gianfranco Leccis"
ADS-1986-23,Almanacco dell'Associazione Stampa sarda 1986,1986,23,Cagliari,Associazione Stampa Sarda,200,almanacco-stampa-sarda1986,https://zenodo.org/records/22819271,https://giampsalice.github.io/ALMANACCO_SARDEGNA/pdf/Almanacco_Sardegna_1986_.pdf,https://zenodo.org/records/22819271/files/1986-713x1024.jpg?download=1,Copertina dell’Almanacco dell'Associazione Stampa sarda 1986,Bozza,,,Sì,1986,Pronto per WordPress,1986-Almanacco-della-Sardegna(1).docx,"Dati estratti dal DOCX fornito. Riferimento editoriale: Cagliari. Associazione Stampa Sarda, 1986. A CURA DI Gianfranco Leccis"
ADS-1987-24,Almanacco dell'Associazione Stampa sarda 1987,1987,24,Cagliari,Associazione Stampa Sarda,237,almanacco-stampa-sarda1987,https://zenodo.org/records/22819297,https://giampsalice.github.io/ALMANACCO_SARDEGNA/pdf/Almanacco_Sardegna_1987_.pdf,https://zenodo.org/records/22819297/files/1987-748x1024.jpg?download=1,Copertina dell’Almanacco dell'Associazione Stampa sarda 1987,Bozza,,,Sì,1987,Pronto per WordPress,1987-Almanacco-della-Sardegna(1).docx,"Dati estratti dal DOCX fornito. Riferimento editoriale: Cagliari. Associazione Stampa Sarda, 1987. A CURA DI Gianfranco Leccis"
ADS-1988-25,Almanacco dell'Associazione Stampa sarda 1988,1988,25,Cagliari,Associazione Stampa Sarda,240,almanacco-stampa-sarda1988,https://zenodo.org/records/22819334,https://giampsalice.github.io/ALMANACCO_SARDEGNA/pdf/Almanacco_Sardegna_1988_.pdf,https://zenodo.org/records/22819334/files/1988-746x1024.jpg?download=1,Copertina dell’Almanacco dell'Associazione Stampa sarda 1988,Bozza,,,Sì,1988,Pronto per WordPress,1988-Almanacco-della-Sardegna.docx,"Dati estratti dal DOCX fornito. Riferimento editoriale: Cagliari. Associazione Stampa Sarda, 1988. A CURA DI Gianfranco Leccis"
ADS-1989-26,Almanacco dell'Associazione Stampa sarda 1989,1989,26,Cagliari,Associazione Stampa Sarda,400,almanacco-stampa-sarda1989,https://zenodo.org/records/22819352,https://giampsalice.github.io/ALMANACCO_SARDEGNA/pdf/Almanacco_Sardegna_1989_.pdf,https://zenodo.org/records/22819352/files/1989-751x1024.jpg?download=1,Copertina dell’Almanacco dell'Associazione Stampa sarda 1989,Bozza,,,Sì,1989,Pronto per WordPress,1989-Almanacco-della-Sardegna.docx,"Dati estratti dal DOCX fornito. Riferimento editoriale: Cagliari. Associazione Stampa Sarda, 1989. A CURA DI Giovanni Marras e Valerio Vargiu"
ADS-1990-27,Almanacco dell'Associazione Stampa sarda 1990,1990,27,Cagliari,Associazione Stampa Sarda,226,almanacco-stampa-sarda1990,https://zenodo.org/records/22825313,https://giampsalice.github.io/ALMANACCO_SARDEGNA/pdf/Almanacco_Sardegna_1990_.pdf,https://zenodo.org/records/22825313/files/1990-741x1024.jpg?download=1,Copertina dell’Almanacco dell'Associazione Stampa sarda 1990,Bozza,,,Sì,1990,Pronto per WordPress,1990-Almanacco-della-Sardegna.docx,"Dati estratti dal DOCX fornito. Riferimento editoriale: Cagliari. Associazione Stampa Sarda, 1990. A CURA DI Giovanni Marras e Valerio Vargiu"
ADS-1991-28,Almanacco dell'Associazione Stampa sarda 1991,1991,28,Cagliari,Associazione Stampa Sarda,197,almanacco-stampa-sarda1991,https://zenodo.org/records/22825392,https://giampsalice.github.io/ALMANACCO_SARDEGNA/pdf/Almanacco_Sardegna_1991_.pdf,https://zenodo.org/records/22825392/files/1991-737x1024.jpg?download=1,Copertina dell’Almanacco dell'Associazione Stampa sarda 1991,Bozza,,,Sì,1991,Pronto per WordPress,1991-Almanacco-della-Sardegna.docx,"Dati estratti dal DOCX fornito. Riferimento editoriale: Cagliari. Associazione Stampa Sarda, 1991. A CURA DI Giovanni Marras e Paola di Francesco"
ADS-1992-29,Almanacco dell'Associazione Stampa sarda 1992,1992,29,Cagliari,Associazione Stampa Sarda,510,almanacco-stampa-sarda1992,https://zenodo.org/records/22825421,https://giampsalice.github.io/ALMANACCO_SARDEGNA/pdf/Almanacco_Sardegna_1992_.pdf,https://zenodo.org/records/22825421/files/1992-733x1024.jpg?download=1,Copertina dell’Almanacco dell'Associazione Stampa sarda 1992,Bozza,,,Sì,1992,#REF!,1992-Almanacco-della-Sardegna.docx,"Dati estratti dal DOCX fornito. Riferimento editoriale: Cagliari. Associazione Stampa Sarda, 1992. A CURA DEL Consiglio direttivo dell’Associazione della Stampa Sarda"
ADS-1993-30,Almanacco dell'Associazione Stampa sarda 1993,1993,30,Cagliari,Associazione Stampa Sarda,319,almanacco-stampa-sarda1993,https://zenodo.org/records/22825464,https://giampsalice.github.io/ALMANACCO_SARDEGNA/pdf/Almanacco_Sardegna_1993_.pdf,https://zenodo.org/records/22825464/files/1993-739x1024.jpg?download=1,Copertina dell’Almanacco dell'Associazione Stampa sarda 1993,Bozza,,,Sì,1993,Pronto per WordPress,1993-Almanacco-della-Sardegna.docx,"Dati estratti dal DOCX fornito. Riferimento editoriale: Cagliari. Associazione Stampa Sarda, 1993. A CURA DEL Consiglio direttivo dell’Associazione della Stampa Sarda"
ADS-1994-31,Almanacco dell'Associazione Stampa sarda 1994,1994,31,Cagliari,Associazione Stampa Sarda,373,almanacco-stampa-sarda1994,https://zenodo.org/records/22825496,https://giampsalice.github.io/ALMANACCO_SARDEGNA/pdf/Almanacco_Sardegna_1994_.pdf,https://zenodo.org/records/22825496/files/1994-764x1024.jpg?download=1,Copertina dell’Almanacco dell'Associazione Stampa sarda 1994,Bozza,,,Sì,1994,Pronto per WordPress,1994-Almanacco-della-Sardegna.docx,"Dati estratti dal DOCX fornito. Riferimento editoriale: Cagliari. Associazione Stampa Sarda, 1994 (finito di stampare nel marzo 1995). A CURA DEL Consiglio direttivo dell’Associazione della Stampa Sarda"
ADS-1995-32,Almanacco dell'Associazione Stampa sarda 1995,1995,32,Cagliari,Associazione Stampa Sarda,382,almanacco-stampa-sarda1995,https://zenodo.org/records/22825571,https://giampsalice.github.io/ALMANACCO_SARDEGNA/pdf/Almanacco_Sardegna_1995_.pdf,https://zenodo.org/records/22825571/files/1995-713x1024.jpg?download=1,Copertina dell’Almanacco dell'Associazione Stampa sarda 1995,Bozza,,,Sì,1995,Pronto per WordPress,1995-Almanacco-della-Sardegna.docx,"Dati estratti dal DOCX fornito. Riferimento editoriale: Cagliari. Associazione Stampa Sarda, 1995. A CURA DEL Consiglio direttivo dell’Associazione Stampa Sarda"
ADS-1996-33,Almanacco dell'Associazione Stampa sarda 1996,1996,34,Cagliari,Associazione Stampa Sarda,385,almanacco-stampa-sarda1996,https://zenodo.org/records/22825605,https://giampsalice.github.io/ALMANACCO_SARDEGNA/pdf/Almanacco_Sardegna_1996_.pdf,https://zenodo.org/records/22825605/files/1996-768x1024.jpg?download=1,Copertina dell’Almanacco dell'Associazione Stampa sarda 1996,Bozza,,,Sì,1996,Pronto per WordPress,1996-Almanacco-della-Sardegna.docx,"Dati estratti dal DOCX fornito. Riferimento editoriale: Cagliari. Associazione Stampa Sarda, 1996. A CURA DEL Consiglio direttivo dell’Associazione della Stampa Sarda"
ADS-1997-34,Almanacco dell'Associazione Stampa sarda 1997,1997,33,Cagliari,Associazione Stampa Sarda,,almanacco-stampa-sarda1997,https://zenodo.org/records/22826156,https://giampsalice.github.io/ALMANACCO_SARDEGNA/pdf/Almanacco_Sardegna_1997_.pdf,https://zenodo.org/records/22826156/files/1997-741x1024.jpg?download=1,,,,,,,,,
ADS-1998-35,Almanacco dell'Associazione Stampa sarda 1998,1998,35,Cagliari,Associazione Stampa Sarda,317,almanacco-stampa-sarda1998,https://zenodo.org/records/22826279,https://giampsalice.github.io/ALMANACCO_SARDEGNA/pdf/Almanacco_Sardegna_1998_.pdf,https://zenodo.org/records/22826279/files/1998-724x1024.jpg?download=1,Copertina dell’Almanacco dell'Associazione Stampa sarda 1998,Bozza,,,Sì,1998,Pronto per WordPress,1998-Almanacco-della-Sardegna.docx,"Dati estratti dal DOCX fornito. Riferimento editoriale: Cagliari. Associazione Stampa Sarda, 1998. A CURA DEL Consiglio direttivo dell’Associazione della Stampa Sarda"
ADS-1999-36,Almanacco dell'Associazione Stampa sarda 1999,1999,36,Cagliari,Associazione Stampa Sarda,271,almanacco-stampa-sarda1999,https://zenodo.org/records/22826362,https://giampsalice.github.io/ALMANACCO_SARDEGNA/pdf/Almanacco_Sardegna_1999_.pdf,https://zenodo.org/records/22826362/files/1999-731x1024.jpg?download=1,Copertina dell’Almanacco dell'Associazione Stampa sarda 1999,Bozza,,,Sì,1999,Pronto per WordPress,1999-Almanacco-della-Sardegna.docx,"Dati estratti dal DOCX fornito. Riferimento editoriale: Cagliari. Associazione Stampa Sarda, 1999 (finito di stampare il 31 marzo 2000). A CURA DEL Consiglio direttivo dell’Associazione della Stampa Sarda"
ADS-2000-37,Almanacco dell'Associazione Stampa sarda 2000/2001,2000,37,Cagliari,Associazione Stampa Sarda,287,almanacco-stampa-sarda2000,https://zenodo.org/records/22826602,https://giampsalice.github.io/ALMANACCO_SARDEGNA/pdf/Almanacco_Sardegna_2000_.pdf,https://zenodo.org/records/22826602/files/2000_2001-763x1024.jpg?download=1,Copertina dell’Almanacco dell'Associazione Stampa sarda 2000,Bozza,,,Sì,2000,Pronto per WordPress,2000-Almanacco-della-Sardegna.docx,"Dati estratti dal DOCX fornito. Riferimento editoriale: Cagliari. Associazione Stampa Sarda, 2001. A CURA DEL Consiglio direttivo dell’Associazione della Stampa Sarda"
ADS-2002-39,Almanacco dell'Associazione Stampa sarda 2002,2002,39,Cagliari,Associazione Stampa Sarda,347,almanacco-stampa-sarda2002,https://zenodo.org/records/22826695,https://giampsalice.github.io/ALMANACCO_SARDEGNA/pdf/Almanacco_Sardegna_2002_.pdf,https://zenodo.org/records/22826695/files/2002-753x1024.jpg?download=1,Copertina dell’Almanacco dell'Associazione Stampa sarda 2002,Bozza,,,Sì,2002,Pronto per WordPress,2002-Almanacco-della-Sardegna.docx,"Dati estratti dal DOCX fornito. Riferimento editoriale: Cagliari. Associazione Stampa Sarda, 2002. A CURA DEL Consiglio direttivo dell’Associazione della Stampa Sarda"
ADS-2003-40,Almanacco dell'Associazione Stampa sarda 2003,2003,40,Cagliari,Associazione Stampa Sarda,254,almanacco-stampa-sarda2003,https://zenodo.org/records/22826749,https://giampsalice.github.io/ALMANACCO_SARDEGNA/pdf/Almanacco_Sardegna_2003_.pdf,https://zenodo.org/records/22826749/files/2003-759x1024.jpg?download=1,Copertina dell’Almanacco dell'Associazione Stampa sarda 2003,Bozza,,,Sì,2003,Pronto per WordPress,2003-Almanacco-della-Sardegna.docx,"Dati estratti dal DOCX fornito. Riferimento editoriale: Cagliari. Associazione Stampa Sarda, 2003. A CURA DEL Consiglio direttivo dell’Associazione Stampa Sarda"
ADS-2004-41,Almanacco dell'Associazione Stampa sarda 2004/2005,2004,41,Cagliari,Associazione Stampa Sarda,188,almanacco-stampa-sarda2004,https://zenodo.org/records/22826797,https://giampsalice.github.io/ALMANACCO_SARDEGNA/pdf/Almanacco_Sardegna_2004_.pdf,https://zenodo.org/records/22826797/files/2004_2005-768x1024.jpg?download=1,Copertina dell’Almanacco dell'Associazione Stampa sarda 2004,Bozza,,,Sì,2004,Pronto per WordPress,2004-Almanacco-della-Sardegna.docx,"Dati estratti dal DOCX fornito. Riferimento editoriale: Cagliari. Associazione Stampa Sarda, 2004. A CURA DEL Consiglio direttivo dell’Associazione della Stampa sarda"
ADS-2005-42,Almanacco dell'Associazione Stampa sarda 2005/2006,2005,42,Cagliari,Associazione della Stampa Sarda,205,almanacco-stampa-sarda2005,https://zenodo.org/records/22826846,https://giampsalice.github.io/ALMANACCO_SARDEGNA/pdf/Almanacco_Sardegna_2005_.pdf,https://zenodo.org/records/22826846/files/2005_2006-768x1024.jpg?download=1,Copertina dell’Almanacco dell'Associazione Stampa sarda 2005,Bozza,,,Sì,2005,Pronto per WordPress,2005-Almanacco-della-Sardegna.docx,"Dati estratti dal DOCX fornito. Riferimento editoriale: Cagliari. Associazione della Stampa Sarda, 2005. A CURA DEL Consiglio Direttivo dell’Associazione della Stampa Sarda"
ADS-2007-43,Almanacco dell'Associazione Stampa sarda 2007/2008,2007,43,Cagliari,Associazione Stampa Sarda,205,almanacco-stampa-sarda2007,https://zenodo.org/records/22826880,https://giampsalice.github.io/ALMANACCO_SARDEGNA/pdf/Almanacco_Sardegna_2007_.pdf,https://zenodo.org/records/22826880/files/2007_2008-768x1024.jpg?download=1,Copertina dell’Almanacco dell'Associazione Stampa sarda 2007,Bozza,,,Sì,2007,Pronto per WordPress,2007-Almanacco-della-Sardegna.docx,"Dati estratti dal DOCX fornito. Riferimento editoriale: Cagliari. Associazione Stampa Sarda, 2007. A CURA DEL Consiglio Direttivo dell’Associazione della Stampa Sarda"
ADS-2008-09-44,Almanacco dell'Associazione Stampa sarda 2008/2009,2008,44,Cagliari,Associazione Stampa Sarda,215,almanacco-stampa-sarda2008-09,https://zenodo.org/records/22826911,https://giampsalice.github.io/ALMANACCO_SARDEGNA/pdf/Almanacco_Sardegna_2008-09_.pdf,https://zenodo.org/records/22826911/files/2008_2009-768x1024.jpg?download=1,Copertina dell’Almanacco dell'Associazione Stampa sarda 2008/09,Bozza,,,Sì,2008,Pronto per WordPress,2008.2009-Almanacco-della-Sardegna.docx,"Edizione 2008/09. Dati estratti dal DOCX fornito. Riferimento editoriale: Cagliari. Associazione Stampa Sarda, 2008. A CURA DEL Consiglio Direttivo dell’Associazione della Stampa sarda"
ADS-2009-10-45,Almanacco dell'Associazione Stampa sarda 2009/2010,2009,45,Cagliari,Associazione Stampa Sarda,201,almanacco-stampa-sarda2009-10,https://zenodo.org/records/22826935,https://giampsalice.github.io/ALMANACCO_SARDEGNA/pdf/Almanacco_Sardegna_2009-10_.pdf,https://zenodo.org/records/22826935/files/2009_2010-768x1024.jpg?download=1,Copertina dell’Almanacco dell'Associazione Stampa sarda 2009/10,Bozza,,,Sì,2009,Pronto per WordPress,2009.2010-Almanacco-della-Sardegna.docx,"Edizione 2009/10. Dati estratti dal DOCX fornito. Riferimento editoriale: Cagliari. Associazione Stampa Sarda, 2009. A CURA DEL Consiglio Direttivo dell’Associazione della Stampa sarda"
ADS-2011-46,Almanacco dell'Associazione Stampa sarda 2011,2011,46,Cagliari,Associazione Stampa Sarda,263,almanacco-stampa-sarda2011,https://zenodo.org/records/22826980,https://giampsalice.github.io/ALMANACCO_SARDEGNA/pdf/Almanacco_Sardegna_2011_.pdf,https://zenodo.org/records/22826980/files/2011-768x1024.jpg?download=1,Copertina dell’Almanacco dell'Associazione Stampa sarda 2011,Bozza,,,Sì,2011,Pronto per WordPress,2011-Almanacco-della-Sardegna.docx,"Dati estratti dal DOCX fornito. Riferimento editoriale: Cagliari. Associazione Stampa Sarda, 2011. A CURA DEL Consiglio direttivo dell’Associazione della Stampa Sarda"